chunk_size,top_n,avg_precision,avg_recall
200,5,0.21012650350755624,0.6765204930544919
200,10,0.14442859402688507,0.7805960436992004
